Workbook

Sheet City-Category Data
A1: city | B1: category | C1: bookings_count | D1: revenue_inr | E1: sla_breaches
A2: Bengaluru | B2: AC Repair & Service | C2: 40 | D2: 61229 | E2: 7
A3: Bengaluru | B3: Deep Home Cleaning | C3: 18 | D3: 49592 | E3: 2
A4: Bengaluru | B4: Electrical Repair | C4: 19 | D4: 23082 | E4: 3
A5: Bengaluru | B5: Salon for Men | C5: 14 | D5: 13565 | E5: 3
A6: Bengaluru | B6: Salon for Women | C6: 16 | D6: 32367 | E6: 2
A7: Chennai | B7: Deep Home Cleaning | C7: 37 | D7: 109499 | E7: 5
A8: Chennai | B8: Electrical Repair | C8: 13 | D8: 13044 | E8: 1
A9: Chennai | B9: Plumbing | C9: 63 | D9: 53029 | E9: 9
A10: Delhi NCR | B10: AC Repair & Service | C10: 14 | D10: 22760 | E10: 0
A11: Delhi NCR | B11: Deep Home Cleaning | C11: 25 | D11: 63041 | E11: 0
A12: Delhi NCR | B12: Electrical Repair | C12: 12 | D12: 12585 | E12: 1
A13: Delhi NCR | B13: Plumbing | C13: 19 | D13: 16065 | E13: 3
... A28: Pune | B28: Salon for Women | C28: 24 | D28: 62672 | E28: 1

Sheet KPI Summary
A1: City | B1: Revenue | C1: Bookings | D1: Category Count | E1: Target | F1: Target Met
A2: Bengaluru | B2: =SUMIFS('City-Category Data'!$E$2:$E$28,'City-Category Data'!$A$2:$A$28,"Bengaluru") | C2: =SUMIFS('City-Category Data'!$D$2:$D$28,'City-Category Data'!$A$2:$A$28,"Bengaluru") | D2: =COUNTIFS('City-Category Data'!$A$2:$A$28,"Bengaluru") | E2: 150000 | F2: =IF(B2=E2,"Yes","No")
A3: Mumbai | B3: =SUMIFS('City-Category Data'!$E$2:$E$28,'City-Category Data'!$A$2:$A$28,"Mumbai") | C3: =SUMIFS('City-Category Data'!$D$2:$D$28,'City-Category Data'!$A$2:$A$28,"Mumbai") | D3: =COUNTIFS('City-Category Data'!$A$2:$A$28,"Mumbai") | E3: 150000 | F3: =IF(B3=E3,"Yes","No")
A4: Delhi NCR | B4: =SUMIFS('City-Category Data'!$E$2:$E$28,'City-Category Data'!$A$2:$A$28,"Delhi NCR") | C4: =SUMIFS('City-Category Data'!$D$2:$D$28,'City-Category Data'!$A$2:$A$28,"Delhi NCR") | D4: =COUNTIFS('City-Category Data'!$A$2:$A$28,"Delhi NCR") | E4: 150000 | F4: =IF(B4=E4,"Yes","No")
A5: Pune | B5: =SUMIFS('City-Category Data'!$E$2:$E$28,'City-Category Data'!$A$2:$A$28,"Pune") | C5: =SUMIFS('City-Category Data'!$D$2:$D$28,'City-Category Data'!$A$2:$A$28,"Pune") | D5: =COUNTIFS('City-Category Data'!$A$2:$A$28,"Pune") | E5: 150000 | F5: =IF(B5=E5,"Yes","No")
A6: Hyderabad | B6: =SUMIFS('City-Category Data'!$E$2:$E$28,'City-Category Data'!$A$2:$A$28,"Hyderabad") | C6: =SUMIFS('City-Category Data'!$D$2:$D$28,'City-Category Data'!$A$2:$A$28,"Hyderabad") | D6: =COUNTIFS('City-Category Data'!$A$2:$A$28,"Hyderabad") | E6: 150000 | F6: =IF(B6=E6,"Yes","No")
A7: Chennai | B7: =SUMIFS('City-Category Data'!$E$2:$E$28,'City-Category Data'!$A$2:$A$28,"Chennai") | C7: =SUMIFS('City-Category Data'!$D$2:$D$28,'City-Category Data'!$A$2:$A$28,"Chennai") | D7: =COUNTIFS('City-Category Data'!$A$2:$A$28,"Chennai") | E7: 150000 | F7: =IF(B7=E7,"Yes","No")
