Workbook

Sheet City-Category Data
A1: city | B1: category | C1: bookings_count | D1: revenue_inr | E1: sla_breaches | F1: price bands | G1: SQL Bookings | H1: SQL Revenue | I1: Reconciliation
A2: Bengaluru | B2: AC Repair & Service | C2: 40 | D2: 61229 | E2: 7 | F2: =VLOOKUP(B2,'category_reference sheet'!$A$2:$D$100,4,FALSE) -> Medium | G2: =SUMIFS([1]city_category_summary!$C:$C,[1]city_category_summary!$A:$A,A2,[1]city_category_summary!$B:$B,B2) -> 40 | H2: =SUMIFS([1]city_category_summary!$D:$D,[1]city_category_summary!$A:$A,A2,[1]city_category_summary!$B:$B,B2) -> 61229 | I2: =IF(AND(C2=G2,D2=H2),"Match","Mismatch") -> Match
A3: Bengaluru | B3: Deep Home Cleaning | C3: 18 | D3: 49592 | E3: 2 | F3: =VLOOKUP(B3,'category_reference sheet'!$A$2:$D$100,4,FALSE) -> High | G3: =SUMIFS([1]city_category_summary!$C:$C,[1]city_category_summary!$A:$A,A3,[1]city_category_summary!$B:$B,B3) -> 18 | H3: =SUMIFS([1]city_category_summary!$D:$D,[1]city_category_summary!$A:$A,A3,[1]city_category_summary!$B:$B,B3) -> 49592 | I3: =IF(AND(C3=G3,D3=H3),"Match","Mismatch") -> Match
A4: Bengaluru | B4: Electrical Repair | C4: 19 | D4: 23082 | E4: 3 | F4: =VLOOKUP(B4,'category_reference sheet'!$A$2:$D$100,4,FALSE) -> Medium | G4: =SUMIFS([1]city_category_summary!$C:$C,[1]city_category_summary!$A:$A,A4,[1]city_category_summary!$B:$B,B4) -> 19 | H4: =SUMIFS([1]city_category_summary!$D:$D,[1]city_category_summary!$A:$A,A4,[1]city_category_summary!$B:$B,B4) -> 23082 | I4: =IF(AND(C4=G4,D4=H4),"Match","Mismatch") -> Match
A5: Bengaluru | B5: Salon for Men | C5: 14 | D5: 13565 | E5: 3 | F5: =VLOOKUP(B5,'category_reference sheet'!$A$2:$D$100,4,FALSE) -> Low | G5: =SUMIFS([1]city_category_summary!$C:$C,[1]city_category_summary!$A:$A,A5,[1]city_category_summary!$B:$B,B5) -> 14 | H5: =SUMIFS([1]city_category_summary!$D:$D,[1]city_category_summary!$A:$A,A5,[1]city_category_summary!$B:$B,B5) -> 13565 | I5: =IF(AND(C5=G5,D5=H5),"Match","Mismatch") -> Match
A6: Bengaluru | B6: Salon for Women | C6: 16 | D6: 32367 | E6: 2 | F6: =VLOOKUP(B6,'category_reference sheet'!$A$2:$D$100,4,FALSE) -> Medium | G6: =SUMIFS([1]city_category_summary!$C:$C,[1]city_category_summary!$A:$A,A6,[1]city_category_summary!$B:$B,B6) -> 16 | H6: =SUMIFS([1]city_category_summary!$D:$D,[1]city_category_summary!$A:$A,A6,[1]city_category_summary!$B:$B,B6) -> 32367 | I6: =IF(AND(C6=G6,D6=H6),"Match","Mismatch") -> Match
A7: Chennai | B7: Deep Home Cleaning | C7: 37 | D7: 109499 | E7: 5 | F7: =VLOOKUP(B7,'category_reference sheet'!$A$2:$D$100,4,FALSE) -> High | G7: =SUMIFS([1]city_category_summary!$C:$C,[1]city_category_summary!$A:$A,A7,[1]city_category_summary!$B:$B,B7) -> 37 | H7: =SUMIFS([1]city_category_summary!$D:$D,[1]city_category_summary!$A:$A,A7,[1]city_category_summary!$B:$B,B7) -> 109499 | I7: =IF(AND(C7=G7,D7=H7),"Match","Mismatch") -> Match
A8: Chennai | B8: Electrical Repair | C8: 13 | D8: 13044 | E8: 1 | F8: =VLOOKUP(B8,'category_reference sheet'!$A$2:$D$100,4,FALSE) -> Medium | G8: =SUMIFS([1]city_category_summary!$C:$C,[1]city_category_summary!$A:$A,A8,[1]city_category_summary!$B:$B,B8) -> 13 | H8: =SUMIFS([1]city_category_summary!$D:$D,[1]city_category_summary!$A:$A,A8,[1]city_category_summary!$B:$B,B8) -> 13044 | I8: =IF(AND(C8=G8,D8=H8),"Match","Mismatch") -> Match
A9: Chennai | B9: Plumbing | C9: 63 | D9: 53029 | E9: 9 | F9: =VLOOKUP(B9,'category_reference sheet'!$A$2:$D$100,4,FALSE) -> Low | G9: =SUMIFS([1]city_category_summary!$C:$C,[1]city_category_summary!$A:$A,A9,[1]city_category_summary!$B:$B,B9) -> 63 | H9: =SUMIFS([1]city_category_summary!$D:$D,[1]city_category_summary!$A:$A,A9,[1]city_category_summary!$B:$B,B9) -> 53029 | I9: =IF(AND(C9=G9,D9=H9),"Match","Mismatch") -> Match
A10: Delhi NCR | B10: AC Repair & Service | C10: 14 | D10: 22760 | E10: 0 | F10: =VLOOKUP(B10,'category_reference sheet'!$A$2:$D$100,4,FALSE) -> Medium | G10: =SUMIFS([1]city_category_summary!$C:$C,[1]city_category_summary!$A:$A,A10,[1]city_category_summary!$B:$B,B10) -> 14 | H10: =SUMIFS([1]city_category_summary!$D:$D,[1]city_category_summary!$A:$A,A10,[1]city_category_summary!$B:$B,B10) -> 22760 | I10: =IF(AND(C10=G10,D10=H10),"Match","Mismatch") -> Match
A11: Delhi NCR | B11: Deep Home Cleaning | C11: 25 | D11: 63041 | E11: 0 | F11: =VLOOKUP(B11,'category_reference sheet'!$A$2:$D$100,4,FALSE) -> High | G11: =SUMIFS([1]city_category_summary!$C:$C,[1]city_category_summary!$A:$A,A11,[1]city_category_summary!$B:$B,B11) -> 25 | H11: =SUMIFS([1]city_category_summary!$D:$D,[1]city_category_summary!$A:$A,A11,[1]city_category_summary!$B:$B,B11) -> 63041 | I11: =IF(AND(C11=G11,D11=H11),"Match","Mismatch") -> Match
A12: Delhi NCR | B12: Electrical Repair | C12: 12 | D12: 12585 | E12: 1 | F12: =VLOOKUP(B12,'category_reference sheet'!$A$2:$D$100,4,FALSE) -> Medium | G12: =SUMIFS([1]city_category_summary!$C:$C,[1]city_category_summary!$A:$A,A12,[1]city_category_summary!$B:$B,B12) -> 12 | H12: =SUMIFS([1]city_category_summary!$D:$D,[1]city_category_summary!$A:$A,A12,[1]city_category_summary!$B:$B,B12) -> 12585 | I12: =IF(AND(C12=G12,D12=H12),"Match","Mismatch") -> Match
A13: Delhi NCR | B13: Plumbing | C13: 19 | D13: 16065 | E13: 3 | F13: =VLOOKUP(B13,'category_reference sheet'!$A$2:$D$100,4,FALSE) -> Low | G13: =SUMIFS([1]city_category_summary!$C:$C,[1]city_category_summary!$A:$A,A13,[1]city_category_summary!$B:$B,B13) -> 19 | H13: =SUMIFS([1]city_category_summary!$D:$D,[1]city_category_summary!$A:$A,A13,[1]city_category_summary!$B:$B,B13) -> 16065 | I13: =IF(AND(C13=G13,D13=H13),"Match","Mismatch") -> Match
... A28: Pune | B28: Salon for Women | C28: 24 | D28: 62672 | E28: 1 | F28: =VLOOKUP(B28,'category_reference sheet'!$A$2:$D$100,4,FALSE) -> Medium | G28: =SUMIFS([1]city_category_summary!$C:$C,[1]city_category_summary!$A:$A,A28,[1]city_category_summary!$B:$B,B28) -> 24 | H28: =SUMIFS([1]city_category_summary!$D:$D,[1]city_category_summary!$A:$A,A28,[1]city_category_summary!$B:$B,B28) -> 62672 | I28: =IF(AND(C28=G28,D28=H28),"Match","Mismatch") -> Match

Sheet KPI Summary
A1: City | B1: Bookings | C1: Revenue | D1: Category Count | E1: Target | F1: Target Met
A2: Bengaluru | B2: 107 | C2: =SUMIFS('City-Category Data'!$D$2:$D$28,'City-Category Data'!$A$2:$A$28,"Bengaluru") -> 179835 | D2: =COUNTIFS('City-Category Data'!$A$2:$A$28,"Bengaluru") -> 5 | E2: 150000 | F2: Yes
A3: Mumbai | B3: 92 | C3: =SUMIFS('City-Category Data'!$D$2:$D$28,'City-Category Data'!$A$2:$A$28,"Mumbai") -> 151430 | D3: =COUNTIFS('City-Category Data'!$A$2:$A$28,"Mumbai") -> 5 | E3: 150000 | F3: Yes
A4: Delhi NCR | B4: 83 | C4: =SUMIFS('City-Category Data'!$D$2:$D$28,'City-Category Data'!$A$2:$A$28,"Delhi NCR") -> 140771 | D4: =COUNTIFS('City-Category Data'!$A$2:$A$28,"Delhi NCR") -> 5 | E4: 150000 | F4: =IF(B4=E4,"Yes","No") -> No
A5: Pune | B5: 107 | C5: =SUMIFS('City-Category Data'!$D$2:$D$28,'City-Category Data'!$A$2:$A$28,"Pune") -> 228727 | D5: =COUNTIFS('City-Category Data'!$A$2:$A$28,"Pune") -> 4 | E5: 150000 | F5: Yes
A6: Hyderabad | B6: 98 | C6: =SUMIFS('City-Category Data'!$D$2:$D$28,'City-Category Data'!$A$2:$A$28,"Hyderabad") -> 171638 | D6: =COUNTIFS('City-Category Data'!$A$2:$A$28,"Hyderabad") -> 5 | E6: 150000 | F6: Yes
A7: Chennai | B7: 113 | C7: =SUMIFS('City-Category Data'!$D$2:$D$28,'City-Category Data'!$A$2:$A$28,"Chennai") -> 175572 | D7: =COUNTIFS('City-Category Data'!$A$2:$A$28,"Chennai") -> 3 | E7: 150000 | F7: Yes

Sheet category_reference sheet
A1: Category | B1: Min Price (₹) | C1: Max Price (₹) | D1: Price Band
A2: AC Repair & Service | B2: 499 | C2: 2499 | D2: Medium
A3: Salon for Women | B3: 699 | C3: 3499 | D3: Medium
A4: Salon for Men | B4: 349 | C4: 1499 | D4: Low
A5: Deep Home Cleaning | B5: 999 | C5: 4999 | D5: High
A6: Plumbing | B6: 199 | C6: 1499 | D6: Low
A7: Electrical Repair | B7: 199 | C7: 1999 | D7: Medium
A11: Low: Maximum price ≤ ₹1,499
A12: Medium: Maximum price ₹1,500–₹3,499
A13: High: Maximum price ≥ ₹3,500

Sheet pivot table
A3: Sum of revenue_inr | B3: Column Labels
A4: Row Labels | B4: AC Repair & Service | C4: Deep Home Cleaning | D4: Electrical Repair | E4: Plumbing | F4: Salon for Men | G4: Salon for Women | H4: Grand Total
A5: Bengaluru | B5: 61229 | C5: 49592 | D5: 23082 | F5: 13565 | G5: 32367 | H5: 179835
A6: Chennai | C6: 109499 | D6: 13044 | E6: 53029 | H6: 175572
A7: Delhi NCR | B7: 22760 | C7: 63041 | D7: 12585 | E7: 16065 | G7: 26320 | H7: 140771
A8: Hyderabad | C8: 91425 | D8: 29032 | E8: 11743 | F8: 22289 | G8: 17149 | H8: 171638
A9: Mumbai | B9: 29050 | C9: 73938 | D9: 11360 | F9: 23901 | G9: 13181 | H9: 151430
A10: Pune | C10: 121469 | D10: 30778 | F10: 13808 | G10: 62672 | H10: 228727
A11: Grand Total | B11: 113039 | C11: 508964 | D11: 119881 | E11: 80837 | F11: 73563 | G11: 151689 | H11: 1047973
